{
  "project_info": {
    "project_number": "919538911544",
    "firebase_url": "https://swurent.firebaseio.com",
    "project_id": "swurent",
    "storage_bucket": "swurent.appspot.com"
  },
  "client": [
    {
      "client_info": {
        "mobilesdk_app_id": "1:919538911544:android:5082e916dd85386b5c99cd",
        "android_client_info": {
          "package_name": "com.leenak0.swurent"
        }
      },
      "oauth_client": [
        {
          "client_id": "919538911544-n15mbln03a7vfqddo95qsk2nln4lfsc7.apps.googleusercontent.com",
          "client_type": 1,
          "android_info": {
            "package_name": "com.leenak0.swurent",
            "certificate_hash": "62e5935bab142ab6b641539596d7956076820745"
          }
        },
        {
          "client_id": "919538911544-ek74el7m2df98pusa0pmrns8uj9fvt3i.apps.googleusercontent.com",
          "client_type": 3
        }
      ],
      "api_key": [
        {
          "current_key": "AIzaSyBqlkRFtv7qk5qZXfvh7DV7Y_BALbgfrPA"
        }
      ],
      "services": {
        "appinvite_service": {
          "other_platform_oauth_client": [
            {
              "client_id": "919538911544-ek74el7m2df98pusa0pmrns8uj9fvt3i.apps.googleusercontent.com",
              "client_type": 3
            }
          ]
        }
      }
    }
  ],
  "configuration_version": "1"
}